TAG,SG,FrothFactor,Viscosidad_Pa_s,Q_ref_m3h,H_ref_m,Eta_ref,H0_m,K_m_per_m3s2
4210-PU-003,1.241,1.1,0.00102,400.0,6.6,0.694,4.8,21000
4220-PU-010,1.376,1.1,0.00106,785.0,16.7,0.757,8.0,15000
4230-PU-011,1.12,1.5,0.0012,567.9,18.3,0.637,10.0,12000
4230-PU-015,1.162,1.5,0.0013,300.2,5.4,0.592,3.0,18000
4230-PU-022,1.05,1.1,0.00107,598.5,10.9,0.692,6.5,10000
4230-PU-031,1.124,1.5,0.00114,320.2,8.5,0.688,5.0,16000
